,Community,,Social,,Professional,,Recreational,,Government,,
ACEH BARAT,35.000000,6.000000,10.000000,6.000000,13.000000,8.000000,107.000000,7.000000,36.000000,9.000000,
ACEH BARAT DAYA,29.000000,5.000000,3.000000,3.000000,0.000000,1.000000,123.000000,7.000000,9.000000,4.000000,
ACEH BESAR,30.000000,6.000000,8.000000,6.000000,1.000000,3.000000,94.000000,6.000000,5.000000,2.000000,
ACEH JAYA,1.000000,1.000000,0.000000,1.000000,0.000000,1.000000,100.000000,6.000000,8.000000,3.000000,
ACEH SELATAN,35.000000,6.000000,5.000000,4.000000,1.000000,3.000000,70.000000,5.000000,2.000000,1.000000,
ACEH SINGKIL,31.000000,6.000000,2.000000,2.000000,1.000000,3.000000,64.000000,5.000000,2.000000,1.000000,
ACEH TAMIANG,21.000000,5.000000,4.000000,4.000000,1.000000,3.000000,32.000000,4.000000,9.000000,4.000000,
ACEH TENGAH,12.000000,4.000000,5.000000,4.000000,7.000000,7.000000,83.000000,6.000000,12.000000,5.000000,
ACEH TENGGARA,11.000000,3.000000,4.000000,4.000000,1.000000,3.000000,11.000000,2.000000,8.000000,3.000000,
ACEH TIMUR,11.000000,3.000000,28.000000,9.000000,0.000000,1.000000,84.000000,6.000000,6.000000,3.000000,
ACEH UTARA,49.000000,7.000000,21.000000,8.000000,14.000000,9.000000,210.000000,9.000000,15.000000,5.000000,
ALOR,17.000000,4.000000,12.000000,7.000000,25.000000,9.000000,27.000000,3.000000,23.000000,7.000000,
AMBON,41.000000,6.000000,77.000000,10.000000,92.000000,10.000000,260.000000,9.000000,41.000000,9.000000,
ASAHAN,116.000000,9.000000,8.000000,6.000000,17.000000,9.000000,275.000000,9.000000,63.000000,10.000000,
ASMAT,2.000000,1.000000,2.000000,2.000000,2.000000,4.000000,2.000000,1.000000,2.000000,1.000000,
B A T A M,44.000000,7.000000,37.000000,9.000000,12.000000,8.000000,102.000000,7.000000,55.000000,10.000000,
BADUNG,638.000000,10.000000,8.000000,6.000000,110.000000,10.000000,1312.000000,10.000000,14.000000,5.000000,
BALANGAN,9.000000,3.000000,5.000000,4.000000,2.000000,4.000000,37.000000,4.000000,2.000000,1.000000,
BALIKPAPAN,56.000000,7.000000,25.000000,9.000000,1.000000,3.000000,11.000000,2.000000,25.000000,8.000000,
BANDA ACEH,9.000000,3.000000,15.000000,7.000000,2.000000,4.000000,46.000000,4.000000,36.000000,9.000000,
BANDAR LAMPUNG,81.000000,8.000000,27.000000,9.000000,13.000000,8.000000,73.000000,6.000000,61.000000,10.000000,
BANDUNG,322.000000,10.000000,115.000000,10.000000,24.000000,9.000000,799.000000,10.000000,178.000000,10.000000,
BANDUNG BARAT,62.000000,7.000000,24.000000,9.000000,8.000000,7.000000,236.000000,9.000000,31.000000,8.000000,
BANGGAI,152.000000,9.000000,16.000000,8.000000,14.000000,9.000000,157.000000,8.000000,20.000000,7.000000,
BANGGAI KEPULAUAN,220.000000,9.000000,8.000000,6.000000,13.000000,8.000000,152.000000,8.000000,27.000000,8.000000,
BANGKA,18.000000,5.000000,7.000000,5.000000,4.000000,5.000000,63.000000,5.000000,18.000000,6.000000,
BANGKA BARAT,44.000000,7.000000,2.000000,2.000000,3.000000,5.000000,57.000000,5.000000,12.000000,5.000000,
BANGKA SELATAN,2.000000,1.000000,0.000000,1.000000,0.000000,1.000000,98.000000,6.000000,7.000000,3.000000,
BANGKA TENGAH,8.000000,3.000000,2.000000,2.000000,0.000000,1.000000,41.000000,4.000000,7.000000,3.000000,
BANGKALAN,47.000000,7.000000,11.000000,7.000000,2.000000,4.000000,71.000000,6.000000,21.000000,7.000000,
BANGLI,1.000000,1.000000,5.000000,4.000000,16.000000,9.000000,181.000000,8.000000,29.000000,8.000000,
BANJAR,87.000000,8.000000,13.000000,7.000000,5.000000,6.000000,133.000000,7.000000,41.000000,9.000000,
BANJAR BARU,11.000000,3.000000,8.000000,6.000000,1.000000,3.000000,19.000000,3.000000,5.000000,2.000000,
BANJARMASIN,12.000000,4.000000,13.000000,7.000000,1.000000,3.000000,25.000000,3.000000,42.000000,9.000000,
BANJARNEGARA,422.000000,10.000000,23.000000,9.000000,33.000000,10.000000,476.000000,10.000000,22.000000,7.000000,
BANTAENG,17.000000,4.000000,4.000000,4.000000,2.000000,4.000000,19.000000,3.000000,27.000000,8.000000,
BANTUL,887.000000,10.000000,70.000000,10.000000,34.000000,10.000000,608.000000,10.000000,36.000000,9.000000,
BANYU ASIN,42.000000,6.000000,7.000000,5.000000,5.000000,6.000000,98.000000,6.000000,35.000000,9.000000,
BANYUMAS,736.000000,10.000000,23.000000,9.000000,143.000000,10.000000,766.000000,10.000000,47.000000,9.000000,
BANYUWANGI,268.000000,9.000000,50.000000,10.000000,8.000000,7.000000,747.000000,10.000000,56.000000,10.000000,
BARITO KUALA,10.000000,3.000000,10.000000,6.000000,5.000000,6.000000,37.000000,4.000000,9.000000,4.000000,
BARITO SELATAN,8.000000,3.000000,2.000000,2.000000,2.000000,4.000000,18.000000,3.000000,5.000000,2.000000,
BARITO TIMUR,22.000000,5.000000,2.000000,2.000000,4.000000,5.000000,56.000000,5.000000,14.000000,5.000000,
BARITO UTARA,6.000000,2.000000,19.000000,8.000000,1.000000,3.000000,99.000000,6.000000,16.000000,6.000000,
BARRU,6.000000,2.000000,2.000000,2.000000,1.000000,3.000000,9.000000,2.000000,8.000000,3.000000,
BATANG,310.000000,10.000000,8.000000,6.000000,26.000000,9.000000,426.000000,10.000000,16.000000,6.000000,
BATANG HARI,6.000000,2.000000,4.000000,4.000000,4.000000,5.000000,15.000000,2.000000,3.000000,2.000000,
BATU,45.000000,7.000000,15.000000,7.000000,0.000000,1.000000,164.000000,8.000000,5.000000,2.000000,
BATU BARA,59.000000,7.000000,2.000000,2.000000,2.000000,4.000000,40.000000,4.000000,66.000000,10.000000,
BAU-BAU,4.000000,2.000000,2.000000,2.000000,1.000000,3.000000,4.000000,1.000000,11.000000,4.000000,
BEKASI,100.000000,8.000000,70.000000,10.000000,7.000000,7.000000,213.000000,9.000000,65.000000,10.000000,
BELITUNG,7.000000,2.000000,4.000000,4.000000,6.000000,6.000000,162.000000,8.000000,5.000000,2.000000,
BELITUNG TIMUR,3.000000,1.000000,2.000000,2.000000,5.000000,6.000000,131.000000,7.000000,7.000000,3.000000,
BELU,7.000000,2.000000,8.000000,6.000000,2.000000,4.000000,17.000000,3.000000,9.000000,4.000000,
BENER MERIAH,10.000000,3.000000,3.000000,3.000000,0.000000,1.000000,107.000000,7.000000,8.000000,3.000000,
BENGKALIS,22.000000,5.000000,9.000000,6.000000,6.000000,6.000000,412.000000,10.000000,162.000000,10.000000,
BENGKAYANG,15.000000,4.000000,3.000000,3.000000,5.000000,6.000000,20.000000,3.000000,21.000000,7.000000,
BENGKULU,20.000000,5.000000,9.000000,6.000000,5.000000,6.000000,12.000000,2.000000,34.000000,8.000000,
BENGKULU SELATAN,26.000000,5.000000,32.000000,9.000000,0.000000,1.000000,134.000000,7.000000,5.000000,2.000000,
BENGKULU TENGAH,19.000000,5.000000,19.000000,8.000000,42.000000,10.000000,132.000000,7.000000,11.000000,4.000000,
BENGKULU UTARA,57.000000,7.000000,88.000000,10.000000,3.000000,5.000000,180.000000,8.000000,43.000000,9.000000,
BERAU,10.000000,3.000000,2.000000,2.000000,5.000000,6.000000,90.000000,6.000000,14.000000,5.000000,
BIAK NUMFOR,1.000000,1.000000,2.000000,2.000000,0.000000,1.000000,6.000000,1.000000,4.000000,2.000000,
BIMA,56.000000,7.000000,26.000000,9.000000,23.000000,9.000000,142.000000,8.000000,29.000000,8.000000,
BINJAI,14.000000,4.000000,5.000000,4.000000,0.000000,1.000000,10.000000,2.000000,11.000000,4.000000,
BINTAN,40.000000,6.000000,9.000000,6.000000,0.000000,1.000000,201.000000,8.000000,11.000000,4.000000,
BIREUEN,17.000000,4.000000,11.000000,7.000000,6.000000,6.000000,35.000000,4.000000,8.000000,3.000000,
BITUNG,4.000000,2.000000,7.000000,5.000000,0.000000,1.000000,8.000000,2.000000,8.000000,3.000000,
BLITAR,287.000000,10.000000,29.000000,9.000000,12.000000,8.000000,411.000000,10.000000,39.000000,9.000000,
BLORA,468.000000,10.000000,27.000000,9.000000,1281.000000,10.000000,359.000000,10.000000,49.000000,9.000000,
BOALEMO,38.000000,6.000000,3.000000,3.000000,3.000000,5.000000,78.000000,6.000000,20.000000,7.000000,
BOGOR,130.000000,9.000000,85.000000,10.000000,15.000000,9.000000,330.000000,9.000000,72.000000,10.000000,
BOJONEGORO,288.000000,10.000000,19.000000,8.000000,6.000000,6.000000,169.000000,8.000000,59.000000,10.000000,
BOLAANG MONGONDOW,13.000000,4.000000,2.000000,2.000000,2.000000,4.000000,4.000000,1.000000,7.000000,3.000000,
BOLAANG MONGONDOW SELATAN,6.000000,2.000000,0.000000,1.000000,0.000000,1.000000,2.000000,1.000000,0.000000,1.000000,
BOLAANG MONGONDOW TIMUR,5.000000,2.000000,0.000000,1.000000,0.000000,1.000000,5.000000,1.000000,5.000000,2.000000,
BOLAANG MONGONDOW UTARA,16.000000,4.000000,0.000000,1.000000,0.000000,1.000000,14.000000,2.000000,8.000000,3.000000,
BOMBANA,0.000000,1.000000,0.000000,1.000000,0.000000,1.000000,3.000000,1.000000,3.000000,2.000000,
BONDOWOSO,90.000000,8.000000,10.000000,6.000000,4.000000,5.000000,171.000000,8.000000,31.000000,8.000000,
BONE,428.000000,10.000000,14.000000,7.000000,179.000000,10.000000,131.000000,7.000000,57.000000,10.000000,
BONE BOLANGO,3.000000,1.000000,15.000000,7.000000,0.000000,1.000000,100.000000,6.000000,6.000000,3.000000,
BONTANG,56.000000,7.000000,23.000000,9.000000,6.000000,6.000000,33.000000,4.000000,2.000000,1.000000,
BOVEN DIGOEL,4.000000,2.000000,1.000000,2.000000,0.000000,1.000000,8.000000,2.000000,0.000000,1.000000,
BOYOLALI,2364.000000,10.000000,23.000000,9.000000,54.000000,10.000000,726.000000,10.000000,66.000000,10.000000,
BREBES,465.000000,10.000000,7.000000,5.000000,5.000000,6.000000,467.000000,10.000000,70.000000,10.000000,
BUKITTINGGI,1.000000,1.000000,3.000000,3.000000,0.000000,1.000000,1.000000,1.000000,1.000000,1.000000,
BULELENG,593.000000,10.000000,22.000000,8.000000,8.000000,7.000000,940.000000,10.000000,13.000000,5.000000,
BULUKUMBA,36.000000,6.000000,7.000000,5.000000,3.000000,5.000000,27.000000,3.000000,8.000000,3.000000,
BULUNGAN,13.000000,4.000000,2.000000,2.000000,1.000000,3.000000,32.000000,4.000000,14.000000,5.000000,
BUNGO,6.000000,2.000000,3.000000,3.000000,5.000000,6.000000,103.000000,7.000000,14.000000,5.000000,
BUOL,61.000000,7.000000,7.000000,5.000000,2.000000,4.000000,19.000000,3.000000,6.000000,3.000000,
BURU,42.000000,6.000000,2.000000,2.000000,16.000000,9.000000,39.000000,4.000000,7.000000,3.000000,
BURU SELATAN,38.000000,6.000000,0.000000,1.000000,0.000000,1.000000,8.000000,2.000000,0.000000,1.000000,
BUTON,9.000000,3.000000,22.000000,8.000000,4.000000,5.000000,49.000000,5.000000,13.000000,5.000000,
BUTON UTARA,3.000000,1.000000,0.000000,1.000000,0.000000,1.000000,6.000000,1.000000,2.000000,1.000000,
CIAMIS,152.000000,9.000000,17.000000,8.000000,8.000000,7.000000,217.000000,9.000000,50.000000,10.000000,
CIANJUR,35.000000,6.000000,14.000000,7.000000,12.000000,8.000000,381.000000,10.000000,45.000000,9.000000,
CILACAP,656.000000,10.000000,10.000000,6.000000,461.000000,10.000000,340.000000,9.000000,29.000000,8.000000,
CILEGON,10.000000,3.000000,13.000000,7.000000,2.000000,4.000000,60.000000,5.000000,34.000000,8.000000,
CIMAHI,8.000000,3.000000,6.000000,5.000000,1.000000,3.000000,43.000000,4.000000,11.000000,4.000000,
CIREBON,113.000000,9.000000,39.000000,10.000000,11.000000,8.000000,231.000000,9.000000,76.000000,10.000000,
D U M A I,3.000000,1.000000,8.000000,6.000000,3.000000,5.000000,127.000000,7.000000,12.000000,5.000000,
DAIRI,79.000000,8.000000,14.000000,7.000000,6.000000,6.000000,15.000000,2.000000,15.000000,5.000000,
DEIYAI,0.000000,1.000000,0.000000,1.000000,0.000000,1.000000,1.000000,1.000000,0.000000,1.000000,
DELI SERDANG,154.000000,9.000000,22.000000,8.000000,7.000000,7.000000,132.000000,7.000000,43.000000,9.000000,
DEMAK,360.000000,10.000000,52.000000,10.000000,250.000000,10.000000,79.000000,6.000000,13.000000,5.000000,
DENPASAR,10.000000,3.000000,18.000000,8.000000,6.000000,6.000000,650.000000,10.000000,22.000000,7.000000,
DEPOK,96.000000,8.000000,59.000000,10.000000,6.000000,6.000000,111.000000,7.000000,52.000000,10.000000,
DOGIYAI,0.000000,1.000000,0.000000,1.000000,0.000000,1.000000,2.000000,1.000000,0.000000,1.000000,
DOMPU,14.000000,4.000000,5.000000,4.000000,0.000000,1.000000,27.000000,3.000000,6.000000,3.000000,
DONGGALA,66.000000,8.000000,15.000000,7.000000,32.000000,10.000000,123.000000,7.000000,13.000000,5.000000,
EMPAT LAWANG,30.000000,6.000000,3.000000,3.000000,6.000000,6.000000,50.000000,5.000000,10.000000,4.000000,
ENDE,30.000000,6.000000,8.000000,6.000000,4.000000,5.000000,74.000000,6.000000,14.000000,5.000000,
ENREKANG,61.000000,7.000000,4.000000,4.000000,2.000000,4.000000,113.000000,7.000000,20.000000,7.000000,
FAKFAK,3.000000,1.000000,0.000000,1.000000,1.000000,3.000000,33.000000,4.000000,5.000000,2.000000,
FLORES TIMUR,59.000000,7.000000,16.000000,8.000000,6.000000,6.000000,42.000000,4.000000,13.000000,5.000000,
GARUT,360.000000,10.000000,32.000000,9.000000,11.000000,8.000000,740.000000,10.000000,100.000000,10.000000,
GAYO LUES,4.000000,2.000000,2.000000,2.000000,2.000000,4.000000,15.000000,2.000000,3.000000,2.000000,
GIANYAR,794.000000,10.000000,2.000000,2.000000,0.000000,1.000000,480.000000,10.000000,37.000000,9.000000,
GORONTALO,60.000000,7.000000,24.000000,9.000000,8.000000,7.000000,194.000000,8.000000,21.000000,7.000000,
GORONTALO UTARA,15.000000,4.000000,1.000000,2.000000,0.000000,1.000000,24.000000,3.000000,1.000000,1.000000,
GOWA,69.000000,8.000000,40.000000,10.000000,10.000000,8.000000,73.000000,6.000000,27.000000,8.000000,
GRESIK,415.000000,10.000000,39.000000,10.000000,7.000000,7.000000,137.000000,8.000000,29.000000,8.000000,
GROBOGAN,670.000000,10.000000,22.000000,8.000000,99.000000,10.000000,274.000000,9.000000,36.000000,9.000000,
GUNUNG KIDUL,716.000000,10.000000,17.000000,8.000000,10.000000,8.000000,300.000000,9.000000,10.000000,4.000000,
GUNUNG MAS,1.000000,1.000000,0.000000,1.000000,0.000000,1.000000,14.000000,2.000000,1.000000,1.000000,
GUNUNGSITOLI,10.000000,3.000000,13.000000,7.000000,0.000000,1.000000,35.000000,4.000000,11.000000,4.000000,
HALMAHERA BARAT,6.000000,2.000000,1.000000,2.000000,3.000000,5.000000,20.000000,3.000000,6.000000,3.000000,
HALMAHERA SELATAN,10.000000,3.000000,1.000000,2.000000,0.000000,1.000000,16.000000,2.000000,11.000000,4.000000,
HALMAHERA TENGAH,14.000000,4.000000,0.000000,1.000000,4.000000,5.000000,26.000000,3.000000,4.000000,2.000000,
HALMAHERA TIMUR,16.000000,4.000000,1.000000,2.000000,0.000000,1.000000,32.000000,4.000000,14.000000,5.000000,
HALMAHERA UTARA,38.000000,6.000000,1.000000,2.000000,0.000000,1.000000,16.000000,2.000000,10.000000,4.000000,
HULU SUNGAI SELATAN,8.000000,3.000000,7.000000,5.000000,1.000000,3.000000,54.000000,5.000000,5.000000,2.000000,
HULU SUNGAI TENGAH,13.000000,4.000000,18.000000,8.000000,4.000000,5.000000,32.000000,4.000000,3.000000,2.000000,
HULU SUNGAI UTARA,27.000000,5.000000,6.000000,5.000000,4.000000,5.000000,16.000000,2.000000,15.000000,5.000000,
HUMBANG HASUNDUTAN,87.000000,8.000000,3.000000,3.000000,8.000000,7.000000,24.000000,3.000000,10.000000,4.000000,
INDRAGIRI HILIR,49.000000,7.000000,6.000000,5.000000,11.000000,8.000000,176.000000,8.000000,21.000000,7.000000,
INDRAGIRI HULU,29.000000,5.000000,6.000000,5.000000,5.000000,6.000000,124.000000,7.000000,18.000000,6.000000,
INDRAMAYU,173.000000,9.000000,15.000000,7.000000,14.000000,9.000000,90.000000,6.000000,39.000000,9.000000,
INTAN JAYA,0.000000,1.000000,0.000000,1.000000,0.000000,1.000000,0.000000,1.000000,0.000000,1.000000,
JAKARTA BARAT,41.000000,6.000000,27.000000,9.000000,13.000000,8.000000,41.000000,4.000000,18.000000,6.000000,
JAKARTA PUSAT,124.000000,9.000000,20.000000,8.000000,47.000000,10.000000,21.000000,3.000000,23.000000,7.000000,
JAKARTA SELATAN,65.000000,7.000000,31.000000,9.000000,7.000000,7.000000,113.000000,7.000000,18.000000,6.000000,
JAKARTA TIMUR,55.000000,7.000000,42.000000,10.000000,16.000000,9.000000,87.000000,6.000000,37.000000,9.000000,
JAKARTA UTARA,80.000000,8.000000,26.000000,9.000000,1.000000,3.000000,16.000000,2.000000,9.000000,4.000000,
JAMBI,13.000000,4.000000,9.000000,6.000000,8.000000,7.000000,98.000000,6.000000,50.000000,10.000000,
JAYAPURA,72.000000,8.000000,24.000000,9.000000,14.000000,9.000000,76.000000,6.000000,43.000000,9.000000,
JAYAWIJAYA,2.000000,1.000000,5.000000,4.000000,2.000000,4.000000,2.000000,1.000000,4.000000,2.000000,
JEMBER,187.000000,9.000000,33.000000,9.000000,14.000000,9.000000,455.000000,10.000000,65.000000,10.000000,
JEMBRANA,135.000000,9.000000,15.000000,7.000000,31.000000,10.000000,498.000000,10.000000,6.000000,3.000000,
JENEPONTO,29.000000,5.000000,22.000000,8.000000,3.000000,5.000000,69.000000,5.000000,35.000000,9.000000,
JEPARA,407.000000,10.000000,30.000000,9.000000,24.000000,9.000000,116.000000,7.000000,30.000000,8.000000,
JOMBANG,350.000000,10.000000,33.000000,9.000000,35.000000,10.000000,213.000000,9.000000,73.000000,10.000000,
KAIMANA,2.000000,1.000000,0.000000,1.000000,1.000000,3.000000,6.000000,1.000000,2.000000,1.000000,
KAMPAR,96.000000,8.000000,18.000000,8.000000,19.000000,9.000000,304.000000,9.000000,14.000000,5.000000,
KAPUAS,9.000000,3.000000,10.000000,6.000000,1.000000,3.000000,34.000000,4.000000,6.000000,3.000000,
KAPUAS HULU,8.000000,3.000000,2.000000,2.000000,4.000000,5.000000,30.000000,3.000000,16.000000,6.000000,
KARANG ASEM,434.000000,10.000000,5.000000,4.000000,4.000000,5.000000,351.000000,9.000000,8.000000,3.000000,
KARANGANYAR,190.000000,9.000000,27.000000,9.000000,28.000000,10.000000,213.000000,9.000000,32.000000,8.000000,
KARAWANG,57.000000,7.000000,17.000000,8.000000,8.000000,7.000000,110.000000,7.000000,49.000000,9.000000,
KARIMUN,80.000000,8.000000,3.000000,3.000000,24.000000,9.000000,51.000000,5.000000,82.000000,10.000000,
KARO,13.000000,4.000000,3.000000,3.000000,3.000000,5.000000,49.000000,5.000000,13.000000,5.000000,
KATINGAN,9.000000,3.000000,1.000000,2.000000,1.000000,3.000000,18.000000,3.000000,14.000000,5.000000,
KAUR,38.000000,6.000000,79.000000,10.000000,8.000000,7.000000,173.000000,8.000000,6.000000,3.000000,
KAYONG UTARA,4.000000,2.000000,0.000000,1.000000,0.000000,1.000000,13.000000,2.000000,3.000000,2.000000,
KEBUMEN,168.000000,9.000000,17.000000,8.000000,9.000000,8.000000,234.000000,9.000000,14.000000,5.000000,
KEDIRI,404.000000,10.000000,53.000000,10.000000,18.000000,9.000000,207.000000,9.000000,39.000000,9.000000,
KEEROM,16.000000,4.000000,2.000000,2.000000,21.000000,9.000000,16.000000,2.000000,3.000000,2.000000,
KENDAL,721.000000,10.000000,97.000000,10.000000,87.000000,10.000000,417.000000,10.000000,37.000000,9.000000,
KENDARI,41.000000,6.000000,21.000000,8.000000,29.000000,10.000000,51.000000,5.000000,18.000000,6.000000,
KEPAHIANG,12.000000,4.000000,2.000000,2.000000,54.000000,10.000000,178.000000,8.000000,11.000000,4.000000,
KEPULAUAN ANAMBAS,1.000000,1.000000,1.000000,2.000000,1.000000,3.000000,68.000000,5.000000,1.000000,1.000000,
KEPULAUAN ARU,16.000000,4.000000,2.000000,2.000000,13.000000,8.000000,24.000000,3.000000,4.000000,2.000000,
KEPULAUAN MENTAWAI,9.000000,3.000000,3.000000,3.000000,2.000000,4.000000,21.000000,3.000000,11.000000,4.000000,
KEPULAUAN MERANTI,30.000000,6.000000,27.000000,9.000000,10.000000,8.000000,176.000000,8.000000,35.000000,9.000000,
KEPULAUAN SANGIHE,28.000000,5.000000,4.000000,4.000000,0.000000,1.000000,30.000000,3.000000,49.000000,9.000000,
KEPULAUAN SERIBU,6.000000,2.000000,0.000000,1.000000,0.000000,1.000000,39.000000,4.000000,0.000000,1.000000,
KEPULAUAN SULA,12.000000,4.000000,2.000000,2.000000,2.000000,4.000000,16.000000,2.000000,11.000000,4.000000,
KEPULAUAN TALAUD,84.000000,8.000000,12.000000,7.000000,0.000000,1.000000,143.000000,8.000000,24.000000,7.000000,
KEPULAUAN YAPEN,3.000000,1.000000,5.000000,4.000000,0.000000,1.000000,3.000000,1.000000,7.000000,3.000000,
KERINCI,34.000000,6.000000,12.000000,7.000000,0.000000,1.000000,487.000000,10.000000,10.000000,4.000000,
KETAPANG,26.000000,5.000000,2.000000,2.000000,1.000000,3.000000,117.000000,7.000000,14.000000,5.000000,
KLATEN,1005.000000,10.000000,53.000000,10.000000,1002.000000,10.000000,525.000000,10.000000,106.000000,10.000000,
KLUNGKUNG,424.000000,10.000000,3.000000,3.000000,16.000000,9.000000,453.000000,10.000000,4.000000,2.000000,
KOLAKA,25.000000,5.000000,6.000000,5.000000,52.000000,10.000000,73.000000,6.000000,8.000000,3.000000,
KOLAKA UTARA,3.000000,1.000000,0.000000,1.000000,0.000000,1.000000,8.000000,2.000000,4.000000,2.000000,
KONAWE,211.000000,9.000000,12.000000,7.000000,12.000000,8.000000,232.000000,9.000000,39.000000,9.000000,
KONAWE SELATAN,31.000000,6.000000,6.000000,5.000000,4.000000,5.000000,171.000000,8.000000,24.000000,7.000000,
KONAWE UTARA,40.000000,6.000000,2.000000,2.000000,2.000000,4.000000,33.000000,4.000000,5.000000,2.000000,
KOTA BARU,8.000000,3.000000,1.000000,2.000000,2.000000,4.000000,101.000000,7.000000,11.000000,4.000000,
KOTAMOBAGU,3.000000,1.000000,1.000000,2.000000,1.000000,3.000000,14.000000,2.000000,9.000000,4.000000,
KOTAWARINGIN BARAT,6.000000,2.000000,9.000000,6.000000,12.000000,8.000000,28.000000,3.000000,11.000000,4.000000,
KOTAWARINGIN TIMUR,16.000000,4.000000,5.000000,4.000000,2.000000,4.000000,40.000000,4.000000,16.000000,6.000000,
KUANTAN SINGINGI,36.000000,6.000000,3.000000,3.000000,5.000000,6.000000,129.000000,7.000000,10.000000,4.000000,
KUBU RAYA,17.000000,4.000000,21.000000,8.000000,2.000000,4.000000,145.000000,8.000000,19.000000,7.000000,
KUDUS,262.000000,9.000000,13.000000,7.000000,10.000000,8.000000,63.000000,5.000000,17.000000,6.000000,
KULON PROGO,153.000000,9.000000,30.000000,9.000000,8.000000,7.000000,626.000000,10.000000,17.000000,6.000000,
KUNINGAN,233.000000,9.000000,20.000000,8.000000,77.000000,10.000000,258.000000,9.000000,62.000000,10.000000,
KUPANG,10.000000,3.000000,39.000000,10.000000,6.000000,6.000000,38.000000,4.000000,23.000000,7.000000,
KUTAI BARAT,6.000000,2.000000,0.000000,1.000000,4.000000,5.000000,89.000000,6.000000,36.000000,9.000000,
KUTAI KARTANEGARA,80.000000,8.000000,15.000000,7.000000,53.000000,10.000000,242.000000,9.000000,78.000000,10.000000,
KUTAI TIMUR,17.000000,4.000000,8.000000,6.000000,7.000000,7.000000,64.000000,5.000000,21.000000,7.000000,
LABUHAN BATU,78.000000,8.000000,13.000000,7.000000,2.000000,4.000000,93.000000,6.000000,55.000000,10.000000,
LABUHAN BATU SELATAN,8.000000,3.000000,0.000000,1.000000,0.000000,1.000000,3.000000,1.000000,1.000000,1.000000,
LABUHAN BATU UTARA,56.000000,7.000000,0.000000,1.000000,3.000000,5.000000,158.000000,8.000000,6.000000,3.000000,
LAHAT,86.000000,8.000000,13.000000,7.000000,9.000000,8.000000,391.000000,10.000000,40.000000,9.000000,
LAMANDAU,8.000000,3.000000,0.000000,1.000000,1.000000,3.000000,23.000000,3.000000,15.000000,5.000000,
LAMONGAN,672.000000,10.000000,28.000000,9.000000,5.000000,6.000000,91.000000,6.000000,27.000000,8.000000,
LAMPUNG BARAT,27.000000,5.000000,15.000000,7.000000,3.000000,5.000000,112.000000,7.000000,9.000000,4.000000,
LAMPUNG SELATAN,78.000000,8.000000,13.000000,7.000000,10.000000,8.000000,186.000000,8.000000,32.000000,8.000000,
LAMPUNG TENGAH,204.000000,9.000000,16.000000,8.000000,24.000000,9.000000,310.000000,9.000000,41.000000,9.000000,
LAMPUNG TIMUR,355.000000,10.000000,22.000000,8.000000,17.000000,9.000000,352.000000,10.000000,47.000000,9.000000,
LAMPUNG UTARA,35.000000,6.000000,26.000000,9.000000,7.000000,7.000000,50.000000,5.000000,24.000000,7.000000,
LANDAK,17.000000,4.000000,2.000000,2.000000,0.000000,1.000000,52.000000,5.000000,6.000000,3.000000,
LANGKAT,89.000000,8.000000,20.000000,8.000000,16.000000,9.000000,139.000000,8.000000,28.000000,8.000000,
LANGSA,13.000000,4.000000,2.000000,2.000000,4.000000,5.000000,30.000000,3.000000,7.000000,3.000000,
LANNY JAYA,0.000000,1.000000,0.000000,1.000000,0.000000,1.000000,0.000000,1.000000,26.000000,8.000000,
LEBAK,32.000000,6.000000,18.000000,8.000000,13.000000,8.000000,73.000000,6.000000,22.000000,7.000000,
LEBONG,38.000000,6.000000,1.000000,2.000000,1.000000,3.000000,241.000000,9.000000,47.000000,9.000000,
LEMBATA,44.000000,7.000000,2.000000,2.000000,0.000000,1.000000,52.000000,5.000000,3.000000,2.000000,
LHOKSEUMAWE,6.000000,2.000000,7.000000,5.000000,5.000000,6.000000,3.000000,1.000000,6.000000,3.000000,
LINGGA,1.000000,1.000000,4.000000,4.000000,5.000000,6.000000,63.000000,5.000000,16.000000,6.000000,
LOMBOK BARAT,36.000000,6.000000,23.000000,9.000000,0.000000,1.000000,128.000000,7.000000,9.000000,4.000000,
LOMBOK TENGAH,29.000000,5.000000,57.000000,10.000000,0.000000,1.000000,140.000000,8.000000,38.000000,9.000000,
LOMBOK TIMUR,188.000000,9.000000,80.000000,10.000000,16.000000,9.000000,285.000000,9.000000,48.000000,9.000000,
LOMBOK UTARA,25.000000,5.000000,5.000000,4.000000,0.000000,1.000000,61.000000,5.000000,13.000000,5.000000,
LUBUKLINGGAU,10.000000,3.000000,4.000000,4.000000,4.000000,5.000000,19.000000,3.000000,20.000000,7.000000,
LUMAJANG,83.000000,8.000000,13.000000,7.000000,1.000000,3.000000,176.000000,8.000000,10.000000,4.000000,
LUWU,23.000000,5.000000,6.000000,5.000000,2.000000,4.000000,75.000000,6.000000,15.000000,5.000000,
LUWU TIMUR,32.000000,6.000000,6.000000,5.000000,11.000000,8.000000,56.000000,5.000000,17.000000,6.000000,
LUWU UTARA,35.000000,6.000000,3.000000,3.000000,3.000000,5.000000,15.000000,2.000000,12.000000,5.000000,
MADIUN,128.000000,9.000000,40.000000,10.000000,14.000000,9.000000,150.000000,8.000000,22.000000,7.000000,
MAGELANG,546.000000,10.000000,42.000000,10.000000,25.000000,9.000000,784.000000,10.000000,41.000000,9.000000,
MAGETAN,77.000000,8.000000,8.000000,6.000000,0.000000,1.000000,107.000000,7.000000,12.000000,5.000000,
MAJALENGKA,151.000000,9.000000,6.000000,5.000000,5.000000,6.000000,260.000000,9.000000,30.000000,8.000000,
MAJENE,51.000000,7.000000,11.000000,7.000000,25.000000,9.000000,111.000000,7.000000,43.000000,9.000000,
MAKASSAR,92.000000,8.000000,107.000000,10.000000,16.000000,9.000000,23.000000,3.000000,100.000000,10.000000,
MALANG,463.000000,10.000000,115.000000,10.000000,15.000000,9.000000,936.000000,10.000000,81.000000,10.000000,
MALINAU,9.000000,3.000000,4.000000,4.000000,1.000000,3.000000,31.000000,4.000000,3.000000,2.000000,
MALUKU BARAT DAYA,2.000000,1.000000,2.000000,2.000000,4.000000,5.000000,40.000000,4.000000,2.000000,1.000000,
MALUKU TENGAH,19.000000,5.000000,2.000000,2.000000,0.000000,1.000000,78.000000,6.000000,60.000000,10.000000,
MALUKU TENGGARA,71.000000,8.000000,6.000000,5.000000,2.000000,4.000000,18.000000,3.000000,4.000000,2.000000,
MALUKU TENGGARA BARAT,11.000000,3.000000,1.000000,2.000000,1.000000,3.000000,21.000000,3.000000,3.000000,2.000000,
MAMASA,24.000000,5.000000,16.000000,8.000000,4.000000,5.000000,145.000000,8.000000,14.000000,5.000000,
MAMBERAMO RAYA,1.000000,1.000000,3.000000,3.000000,0.000000,1.000000,0.000000,1.000000,0.000000,1.000000,
MAMBERAMO TENGAH,0.000000,1.000000,0.000000,1.000000,0.000000,1.000000,0.000000,1.000000,0.000000,1.000000,
MAMUJU,61.000000,7.000000,7.000000,5.000000,1.000000,3.000000,242.000000,9.000000,70.000000,10.000000,
MAMUJU UTARA,62.000000,7.000000,5.000000,4.000000,13.000000,8.000000,102.000000,7.000000,10.000000,4.000000,
MANADO,41.000000,6.000000,16.000000,8.000000,12.000000,8.000000,30.000000,3.000000,30.000000,8.000000,
MANDAILING NATAL,76.000000,8.000000,9.000000,6.000000,0.000000,1.000000,133.000000,7.000000,14.000000,5.000000,
MANGGARAI,0.000000,1.000000,4.000000,4.000000,0.000000,1.000000,14.000000,2.000000,15.000000,5.000000,
MANGGARAI BARAT,10.000000,3.000000,1.000000,2.000000,1.000000,3.000000,10.000000,2.000000,2.000000,1.000000,
MANGGARAI TIMUR,11.000000,3.000000,0.000000,1.000000,0.000000,1.000000,24.000000,3.000000,4.000000,2.000000,
MANOKWARI,66.000000,8.000000,4.000000,4.000000,15.000000,9.000000,71.000000,6.000000,16.000000,6.000000,
MAPPI,3.000000,1.000000,0.000000,1.000000,0.000000,1.000000,2.000000,1.000000,1.000000,1.000000,
MAROS,29.000000,5.000000,10.000000,6.000000,7.000000,7.000000,67.000000,5.000000,14.000000,5.000000,
MATARAM,42.000000,6.000000,39.000000,10.000000,6.000000,6.000000,107.000000,7.000000,19.000000,7.000000,
MAYBRAT,0.000000,1.000000,0.000000,1.000000,0.000000,1.000000,0.000000,1.000000,0.000000,1.000000,
MEDAN,98.000000,8.000000,30.000000,9.000000,7.000000,7.000000,45.000000,4.000000,99.000000,10.000000,
MELAWI,8.000000,3.000000,4.000000,4.000000,3.000000,5.000000,72.000000,6.000000,15.000000,5.000000,
MERANGIN,73.000000,8.000000,16.000000,8.000000,1.000000,3.000000,170.000000,8.000000,28.000000,8.000000,
MERAUKE,33.000000,6.000000,15.000000,7.000000,8.000000,7.000000,38.000000,4.000000,12.000000,5.000000,
MESUJI,13.000000,4.000000,0.000000,1.000000,1.000000,3.000000,19.000000,3.000000,6.000000,3.000000,
METRO,44.000000,7.000000,1.000000,2.000000,10.000000,8.000000,46.000000,4.000000,11.000000,4.000000,
MIMIKA,7.000000,2.000000,3.000000,3.000000,7.000000,7.000000,37.000000,4.000000,6.000000,3.000000,
MINAHASA,242.000000,9.000000,920.000000,10.000000,22.000000,9.000000,260.000000,9.000000,51.000000,10.000000,
MINAHASA SELATAN,89.000000,8.000000,57.000000,10.000000,0.000000,1.000000,24.000000,3.000000,16.000000,6.000000,
MINAHASA TENGGARA,15.000000,4.000000,13.000000,7.000000,0.000000,1.000000,63.000000,5.000000,0.000000,1.000000,
MINAHASA UTARA,39.000000,6.000000,105.000000,10.000000,3.000000,5.000000,225.000000,9.000000,17.000000,6.000000,
MOJOKERTO,225.000000,9.000000,51.000000,10.000000,17.000000,9.000000,125.000000,7.000000,51.000000,10.000000,
MOROWALI,83.000000,8.000000,5.000000,4.000000,4.000000,5.000000,115.000000,7.000000,32.000000,8.000000,
MUARA ENIM,33.000000,6.000000,20.000000,8.000000,3.000000,5.000000,113.000000,7.000000,46.000000,9.000000,
MUARO JAMBI,11.000000,3.000000,1.000000,2.000000,2.000000,4.000000,99.000000,6.000000,5.000000,2.000000,
MUKOMUKO,48.000000,7.000000,2.000000,2.000000,1.000000,3.000000,250.000000,9.000000,18.000000,6.000000,
MUNA,28.000000,5.000000,7.000000,5.000000,3.000000,5.000000,38.000000,4.000000,17.000000,6.000000,
MURUNG RAYA,13.000000,4.000000,2.000000,2.000000,6.000000,6.000000,10.000000,2.000000,10.000000,4.000000,
MUSI BANYUASIN,38.000000,6.000000,1.000000,2.000000,1.000000,3.000000,137.000000,8.000000,14.000000,5.000000,
MUSI RAWAS,19.000000,5.000000,3.000000,3.000000,9.000000,8.000000,249.000000,9.000000,26.000000,8.000000,
NABIRE,11.000000,3.000000,5.000000,4.000000,2.000000,4.000000,9.000000,2.000000,4.000000,2.000000,
NAGAN RAYA,5.000000,2.000000,2.000000,2.000000,3.000000,5.000000,32.000000,4.000000,8.000000,3.000000,
NAGEKEO,71.000000,8.000000,6.000000,5.000000,0.000000,1.000000,9.000000,2.000000,2.000000,1.000000,
NATUNA,11.000000,3.000000,1.000000,2.000000,8.000000,7.000000,193.000000,8.000000,27.000000,8.000000,
NDUGA,0.000000,1.000000,0.000000,1.000000,0.000000,1.000000,0.000000,1.000000,0.000000,1.000000,
NGADA,28.000000,5.000000,4.000000,4.000000,27.000000,10.000000,34.000000,4.000000,9.000000,4.000000,
NGANJUK,117.000000,9.000000,14.000000,7.000000,12.000000,8.000000,136.000000,8.000000,25.000000,8.000000,
NGAWI,54.000000,7.000000,13.000000,7.000000,11.000000,8.000000,101.000000,7.000000,21.000000,7.000000,
NIAS,1.000000,1.000000,1.000000,2.000000,12.000000,8.000000,22.000000,3.000000,2.000000,1.000000,
NIAS BARAT,3.000000,1.000000,1.000000,2.000000,2.000000,4.000000,22.000000,3.000000,3.000000,2.000000,
NIAS SELATAN,7.000000,2.000000,5.000000,4.000000,2.000000,4.000000,47.000000,4.000000,7.000000,3.000000,
NIAS UTARA,13.000000,4.000000,0.000000,1.000000,0.000000,1.000000,54.000000,5.000000,7.000000,3.000000,
NUNUKAN,19.000000,5.000000,12.000000,7.000000,3.000000,5.000000,27.000000,3.000000,11.000000,4.000000,
OGAN ILIR,24.000000,5.000000,4.000000,4.000000,5.000000,6.000000,71.000000,6.000000,12.000000,5.000000,
OGAN KOMERING ILIR,41.000000,6.000000,9.000000,6.000000,3.000000,5.000000,126.000000,7.000000,22.000000,7.000000,
OGAN KOMERING ULU,37.000000,6.000000,10.000000,6.000000,7.000000,7.000000,73.000000,6.000000,25.000000,8.000000,
OGAN KOMERING ULU SELATAN,7.000000,2.000000,7.000000,5.000000,5.000000,6.000000,251.000000,9.000000,20.000000,7.000000,
OGAN KOMERING ULU TIMUR,77.000000,8.000000,5.000000,4.000000,4.000000,5.000000,525.000000,10.000000,19.000000,7.000000,
PACITAN,92.000000,8.000000,8.000000,6.000000,2.000000,4.000000,167.000000,8.000000,8.000000,3.000000,
PADANG,67.000000,8.000000,18.000000,8.000000,13.000000,8.000000,62.000000,5.000000,17.000000,6.000000,
PADANG LAWAS,28.000000,5.000000,0.000000,1.000000,2.000000,4.000000,75.000000,6.000000,28.000000,8.000000,
PADANG LAWAS UTARA,10.000000,3.000000,2.000000,2.000000,2.000000,4.000000,69.000000,5.000000,12.000000,5.000000,
PADANG PANJANG,0.000000,1.000000,3.000000,3.000000,0.000000,1.000000,4.000000,1.000000,7.000000,3.000000,
PADANGSIDIMPUAN,11.000000,3.000000,6.000000,5.000000,1.000000,3.000000,7.000000,1.000000,7.000000,3.000000,
PAGAR ALAM,15.000000,4.000000,1.000000,2.000000,0.000000,1.000000,13.000000,2.000000,15.000000,5.000000,
PAKPAK BHARAT,6.000000,2.000000,0.000000,1.000000,0.000000,1.000000,15.000000,2.000000,9.000000,4.000000,
PALANGKA RAYA,9.000000,3.000000,8.000000,6.000000,0.000000,1.000000,17.000000,3.000000,15.000000,5.000000,
PALEMBANG,37.000000,6.000000,108.000000,10.000000,10.000000,8.000000,47.000000,4.000000,84.000000,10.000000,
PALOPO,22.000000,5.000000,9.000000,6.000000,8.000000,7.000000,42.000000,4.000000,19.000000,7.000000,
PALU,55.000000,7.000000,40.000000,10.000000,3.000000,5.000000,66.000000,5.000000,26.000000,8.000000,
PAMEKASAN,111.000000,8.000000,21.000000,8.000000,25.000000,9.000000,143.000000,8.000000,8.000000,3.000000,
PANDEGLANG,46.000000,7.000000,17.000000,8.000000,5.000000,6.000000,232.000000,9.000000,31.000000,8.000000,
PANGKAJENE DAN KEPULAUAN,31.000000,6.000000,4.000000,4.000000,0.000000,1.000000,11.000000,2.000000,26.000000,8.000000,
PANGKAL PINANG,21.000000,5.000000,9.000000,6.000000,4.000000,5.000000,29.000000,3.000000,22.000000,7.000000,
PANIAI,0.000000,1.000000,0.000000,1.000000,0.000000,1.000000,9.000000,2.000000,4.000000,2.000000,
PARE-PARE,31.000000,6.000000,8.000000,6.000000,0.000000,1.000000,9.000000,2.000000,7.000000,3.000000,
PARIAMAN,13.000000,4.000000,2.000000,2.000000,2.000000,4.000000,25.000000,3.000000,6.000000,3.000000,
PARIGI MOUTONG,146.000000,9.000000,7.000000,5.000000,20.000000,9.000000,363.000000,10.000000,35.000000,9.000000,
PASER,25.000000,5.000000,9.000000,6.000000,5.000000,6.000000,106.000000,7.000000,9.000000,4.000000,
PASURUAN,304.000000,10.000000,37.000000,9.000000,91.000000,10.000000,418.000000,10.000000,51.000000,10.000000,
PATI,223.000000,9.000000,11.000000,7.000000,10.000000,8.000000,103.000000,7.000000,16.000000,6.000000,
PAYAKUMBUH,87.000000,8.000000,10.000000,6.000000,1.000000,3.000000,67.000000,5.000000,16.000000,6.000000,
PEGUNUNGAN BINTANG,0.000000,1.000000,0.000000,1.000000,0.000000,1.000000,0.000000,1.000000,0.000000,1.000000,
PEKALONGAN,675.000000,10.000000,23.000000,9.000000,139.000000,10.000000,258.000000,9.000000,40.000000,9.000000,
PEKANBARU,27.000000,5.000000,13.000000,7.000000,10.000000,8.000000,62.000000,5.000000,31.000000,8.000000,
PELALAWAN,21.000000,5.000000,2.000000,2.000000,6.000000,6.000000,200.000000,8.000000,13.000000,5.000000,
PEMALANG,270.000000,10.000000,22.000000,8.000000,12.000000,8.000000,174.000000,8.000000,12.000000,5.000000,
PEMATANG SIANTAR,48.000000,7.000000,7.000000,5.000000,4.000000,5.000000,70.000000,5.000000,16.000000,6.000000,
PENAJAM PASER UTARA,16.000000,4.000000,8.000000,6.000000,6.000000,6.000000,46.000000,4.000000,13.000000,5.000000,
PESAWARAN,203.000000,9.000000,123.000000,10.000000,21.000000,9.000000,104.000000,7.000000,30.000000,8.000000,
PIDIE,6.000000,2.000000,8.000000,6.000000,5.000000,6.000000,98.000000,6.000000,17.000000,6.000000,
PIDIE JAYA,3.000000,1.000000,3.000000,3.000000,2.000000,4.000000,14.000000,2.000000,2.000000,1.000000,
PINRANG,61.000000,7.000000,8.000000,6.000000,2.000000,4.000000,56.000000,5.000000,38.000000,9.000000,
POHUWATO,12.000000,4.000000,1.000000,2.000000,0.000000,1.000000,72.000000,6.000000,8.000000,3.000000,
POLEWALI MANDAR,34.000000,6.000000,10.000000,6.000000,4.000000,5.000000,159.000000,8.000000,18.000000,6.000000,
PONOROGO,399.000000,10.000000,28.000000,9.000000,7.000000,7.000000,310.000000,9.000000,9.000000,4.000000,
PONTIANAK,19.000000,5.000000,40.000000,10.000000,80.000000,10.000000,50.000000,5.000000,28.000000,8.000000,
POSO,115.000000,9.000000,20.000000,8.000000,16.000000,9.000000,97.000000,6.000000,31.000000,8.000000,
PRABUMULIH,8.000000,3.000000,3.000000,3.000000,15.000000,9.000000,14.000000,2.000000,23.000000,7.000000,
PRINGSEWU,138.000000,9.000000,10.000000,6.000000,45.000000,10.000000,171.000000,8.000000,12.000000,5.000000,
PROBOLINGGO,111.000000,8.000000,24.000000,9.000000,21.000000,9.000000,143.000000,8.000000,41.000000,9.000000,
PULANG PISAU,9.000000,3.000000,0.000000,1.000000,1.000000,3.000000,54.000000,5.000000,6.000000,3.000000,
PULAU MOROTAI,4.000000,2.000000,0.000000,1.000000,1.000000,3.000000,17.000000,3.000000,0.000000,1.000000,
PUNCAK,1.000000,1.000000,1.000000,2.000000,3.000000,5.000000,1.000000,1.000000,0.000000,1.000000,
PUNCAK JAYA,21.000000,5.000000,2.000000,2.000000,3.000000,5.000000,2.000000,1.000000,2.000000,1.000000,
PURBALINGGA,470.000000,10.000000,26.000000,9.000000,60.000000,10.000000,443.000000,10.000000,18.000000,6.000000,
PURWAKARTA,39.000000,6.000000,18.000000,8.000000,10.000000,8.000000,203.000000,9.000000,34.000000,8.000000,
PURWOREJO,776.000000,10.000000,27.000000,9.000000,165.000000,10.000000,557.000000,10.000000,27.000000,8.000000,
RAJA AMPAT,0.000000,1.000000,0.000000,1.000000,0.000000,1.000000,0.000000,1.000000,2.000000,1.000000,
REJANG LEBONG,7.000000,2.000000,26.000000,9.000000,31.000000,10.000000,208.000000,9.000000,24.000000,7.000000,
REMBANG,184.000000,9.000000,13.000000,7.000000,68.000000,10.000000,72.000000,6.000000,18.000000,6.000000,
ROKAN HILIR,69.000000,8.000000,9.000000,6.000000,4.000000,5.000000,149.000000,8.000000,29.000000,8.000000,
ROKAN HULU,53.000000,7.000000,6.000000,5.000000,2.000000,4.000000,188.000000,8.000000,21.000000,7.000000,
ROTE NDAO,8.000000,3.000000,0.000000,1.000000,0.000000,1.000000,43.000000,4.000000,8.000000,3.000000,
S I A K,44.000000,7.000000,3.000000,3.000000,3.000000,5.000000,101.000000,7.000000,19.000000,7.000000,
SABANG,0.000000,1.000000,1.000000,2.000000,0.000000,1.000000,2.000000,1.000000,2.000000,1.000000,
SABU RAIJUA,1.000000,1.000000,0.000000,1.000000,0.000000,1.000000,16.000000,2.000000,2.000000,1.000000,
SALATIGA,34.000000,6.000000,20.000000,8.000000,52.000000,10.000000,31.000000,4.000000,18.000000,6.000000,
SAMARINDA,107.000000,8.000000,96.000000,10.000000,40.000000,10.000000,135.000000,8.000000,23.000000,7.000000,
SAMBAS,6.000000,2.000000,4.000000,4.000000,2.000000,4.000000,169.000000,8.000000,38.000000,9.000000,
SAMOSIR,7.000000,2.000000,0.000000,1.000000,2.000000,4.000000,84.000000,6.000000,17.000000,6.000000,
SAMPANG,47.000000,7.000000,6.000000,5.000000,2.000000,4.000000,71.000000,6.000000,28.000000,8.000000,
SANGGAU,4.000000,2.000000,5.000000,4.000000,2.000000,4.000000,109.000000,7.000000,20.000000,7.000000,
SARMI,1.000000,1.000000,0.000000,1.000000,0.000000,1.000000,6.000000,1.000000,0.000000,1.000000,
SAROLANGUN,20.000000,5.000000,4.000000,4.000000,6.000000,6.000000,47.000000,4.000000,12.000000,5.000000,
SAWAH LUNTO,53.000000,7.000000,4.000000,4.000000,2.000000,4.000000,24.000000,3.000000,28.000000,8.000000,
SEKADAU,1.000000,1.000000,1.000000,2.000000,1.000000,3.000000,40.000000,4.000000,2.000000,1.000000,
SELAYAR,20.000000,5.000000,0.000000,1.000000,0.000000,1.000000,17.000000,3.000000,16.000000,6.000000,
SELUMA,25.000000,5.000000,30.000000,9.000000,4.000000,5.000000,118.000000,7.000000,19.000000,7.000000,
SEMARANG,823.000000,10.000000,155.000000,10.000000,157.000000,10.000000,664.000000,10.000000,61.000000,10.000000,
SERAM BAGIAN BARAT,102.000000,8.000000,56.000000,10.000000,114.000000,10.000000,87.000000,6.000000,8.000000,3.000000,
SERAM BAGIAN TIMUR,28.000000,5.000000,0.000000,1.000000,0.000000,1.000000,5.000000,1.000000,5.000000,2.000000,
SERANG,100.000000,8.000000,46.000000,10.000000,66.000000,10.000000,466.000000,10.000000,130.000000,10.000000,
SERDANG BEDAGAI,165.000000,9.000000,16.000000,8.000000,73.000000,10.000000,150.000000,8.000000,35.000000,9.000000,
SERUYAN,9.000000,3.000000,2.000000,2.000000,0.000000,1.000000,12.000000,2.000000,5.000000,2.000000,
SIAU TAGULANDANG BIARO,0.000000,1.000000,0.000000,1.000000,0.000000,1.000000,0.000000,1.000000,0.000000,1.000000,
SIBOLGA,8.000000,3.000000,5.000000,4.000000,0.000000,1.000000,5.000000,1.000000,3.000000,2.000000,
SIDENRENG RAPPANG,6.000000,2.000000,2.000000,2.000000,0.000000,1.000000,31.000000,4.000000,8.000000,3.000000,
SIDOARJO,567.000000,10.000000,85.000000,10.000000,11.000000,8.000000,59.000000,5.000000,35.000000,9.000000,
SIGI,84.000000,8.000000,14.000000,7.000000,8.000000,7.000000,138.000000,8.000000,11.000000,4.000000,
SIJUNJUNG,0.000000,1.000000,0.000000,1.000000,0.000000,1.000000,0.000000,1.000000,0.000000,1.000000,
SIKKA,4.000000,2.000000,8.000000,6.000000,0.000000,1.000000,30.000000,3.000000,34.000000,8.000000,
SIMALUNGUN,61.000000,7.000000,100.000000,10.000000,7.000000,7.000000,1070.000000,10.000000,70.000000,10.000000,
SIMEULUE,5.000000,2.000000,2.000000,2.000000,1.000000,3.000000,52.000000,5.000000,2.000000,1.000000,
SINGKAWANG,13.000000,4.000000,5.000000,4.000000,1.000000,3.000000,10.000000,2.000000,19.000000,7.000000,
SINJAI,20.000000,5.000000,7.000000,5.000000,0.000000,1.000000,37.000000,4.000000,11.000000,4.000000,
SINTANG,63.000000,7.000000,4.000000,4.000000,2.000000,4.000000,50.000000,5.000000,15.000000,5.000000,
SITUBONDO,118.000000,9.000000,36.000000,9.000000,6.000000,6.000000,122.000000,7.000000,21.000000,7.000000,
SLEMAN,300.000000,10.000000,59.000000,10.000000,17.000000,9.000000,210.000000,9.000000,24.000000,7.000000,
SOLOK,8.000000,3.000000,6.000000,5.000000,0.000000,1.000000,15.000000,2.000000,9.000000,4.000000,
SOPPENG,59.000000,7.000000,6.000000,5.000000,44.000000,10.000000,107.000000,7.000000,24.000000,7.000000,
SORONG,60.000000,7.000000,14.000000,7.000000,16.000000,9.000000,27.000000,3.000000,4.000000,2.000000,
SORONG SELATAN,9.000000,3.000000,1.000000,2.000000,0.000000,1.000000,17.000000,3.000000,1.000000,1.000000,
SRAGEN,296.000000,10.000000,16.000000,8.000000,9.000000,8.000000,105.000000,7.000000,31.000000,8.000000,
SUBANG,77.000000,8.000000,22.000000,8.000000,17.000000,9.000000,305.000000,9.000000,76.000000,10.000000,
SUBULUSSALAM,22.000000,5.000000,1.000000,2.000000,1.000000,3.000000,14.000000,2.000000,3.000000,2.000000,
SUKABUMI,76.000000,8.000000,45.000000,10.000000,11.000000,8.000000,438.000000,10.000000,64.000000,10.000000,
SUKAMARA,11.000000,3.000000,0.000000,1.000000,1.000000,3.000000,7.000000,1.000000,5.000000,2.000000,
SUKOHARJO,120.000000,9.000000,37.000000,9.000000,5.000000,6.000000,286.000000,9.000000,25.000000,8.000000,
SUMBA BARAT,5.000000,2.000000,5.000000,4.000000,24.000000,9.000000,24.000000,3.000000,19.000000,7.000000,
SUMBA BARAT DAYA,6.000000,2.000000,2.000000,2.000000,0.000000,1.000000,5.000000,1.000000,3.000000,2.000000,
SUMBA TENGAH,12.000000,4.000000,3.000000,3.000000,2.000000,4.000000,4.000000,1.000000,8.000000,3.000000,
SUMBA TIMUR,4.000000,2.000000,2.000000,2.000000,0.000000,1.000000,6.000000,1.000000,7.000000,3.000000,
SUMBAWA,52.000000,7.000000,12.000000,7.000000,3.000000,5.000000,164.000000,8.000000,50.000000,10.000000,
SUMBAWA BARAT,13.000000,4.000000,1.000000,2.000000,3.000000,5.000000,80.000000,6.000000,44.000000,9.000000,
SUMEDANG,47.000000,7.000000,16.000000,8.000000,16.000000,9.000000,344.000000,9.000000,32.000000,8.000000,
SUMENEP,292.000000,10.000000,41.000000,10.000000,12.000000,8.000000,693.000000,10.000000,59.000000,10.000000,
SUNGAI PENUH,9.000000,3.000000,6.000000,5.000000,1.000000,3.000000,112.000000,7.000000,4.000000,2.000000,
SUPIORI,0.000000,1.000000,0.000000,1.000000,0.000000,1.000000,0.000000,1.000000,1.000000,1.000000,
SURABAYA,91.000000,8.000000,118.000000,10.000000,12.000000,8.000000,50.000000,5.000000,62.000000,10.000000,
SURAKARTA,30.000000,6.000000,12.000000,7.000000,7.000000,7.000000,64.000000,5.000000,16.000000,6.000000,
TABALONG,5.000000,2.000000,6.000000,5.000000,2.000000,4.000000,79.000000,6.000000,19.000000,7.000000,
TABANAN,118.000000,9.000000,5.000000,4.000000,448.000000,10.000000,797.000000,10.000000,12.000000,5.000000,
TAKALAR,41.000000,6.000000,5.000000,4.000000,7.000000,7.000000,27.000000,3.000000,31.000000,8.000000,
TAMBRAUW,2.000000,1.000000,0.000000,1.000000,0.000000,1.000000,0.000000,1.000000,1.000000,1.000000,
TANA TIDUNG,0.000000,1.000000,0.000000,1.000000,0.000000,1.000000,47.000000,4.000000,1.000000,1.000000,
TANA TORAJA,29.000000,5.000000,2.000000,2.000000,2.000000,4.000000,5.000000,1.000000,18.000000,6.000000,
TANAH BUMBU,10.000000,3.000000,4.000000,4.000000,2.000000,4.000000,71.000000,6.000000,15.000000,5.000000,
TANAH LAUT,12.000000,4.000000,3.000000,3.000000,2.000000,4.000000,282.000000,9.000000,26.000000,8.000000,
TANGERANG,167.000000,9.000000,67.000000,10.000000,96.000000,10.000000,405.000000,10.000000,77.000000,10.000000,
TANGERANG SELATAN,117.000000,9.000000,47.000000,10.000000,1.000000,3.000000,85.000000,6.000000,9.000000,4.000000,
TANGGAMUS,111.000000,8.000000,2.000000,2.000000,4.000000,5.000000,274.000000,9.000000,21.000000,7.000000,
TANJUNG BALAI,10.000000,3.000000,22.000000,8.000000,1.000000,3.000000,64.000000,5.000000,23.000000,7.000000,
TANJUNG JABUNG BARAT,15.000000,4.000000,5.000000,4.000000,9.000000,8.000000,112.000000,7.000000,35.000000,9.000000,
TANJUNG JABUNG TIMUR,9.000000,3.000000,1.000000,2.000000,1.000000,3.000000,250.000000,9.000000,13.000000,5.000000,
TANJUNG PINANG,7.000000,2.000000,3.000000,3.000000,1.000000,3.000000,17.000000,3.000000,5.000000,2.000000,
TAPANULI SELATAN,107.000000,8.000000,1.000000,2.000000,70.000000,10.000000,279.000000,9.000000,12.000000,5.000000,
TAPANULI TENGAH,128.000000,9.000000,31.000000,9.000000,5.000000,6.000000,99.000000,6.000000,24.000000,7.000000,
TAPANULI UTARA,196.000000,9.000000,1.000000,2.000000,6.000000,6.000000,452.000000,10.000000,19.000000,7.000000,
TAPIN,2.000000,1.000000,7.000000,5.000000,0.000000,1.000000,18.000000,3.000000,1.000000,1.000000,
TARAKAN,2.000000,1.000000,4.000000,4.000000,0.000000,1.000000,6.000000,1.000000,0.000000,1.000000,
TASIKMALAYA,206.000000,9.000000,66.000000,10.000000,46.000000,10.000000,305.000000,9.000000,79.000000,10.000000,
TEBING TINGGI,5.000000,2.000000,4.000000,4.000000,0.000000,1.000000,70.000000,5.000000,14.000000,5.000000,
TEBO,15.000000,4.000000,0.000000,1.000000,2.000000,4.000000,54.000000,5.000000,8.000000,3.000000,
TEGAL,627.000000,10.000000,26.000000,9.000000,15.000000,9.000000,134.000000,7.000000,38.000000,9.000000,
TELUK BINTUNI,11.000000,3.000000,3.000000,3.000000,0.000000,1.000000,10.000000,2.000000,6.000000,3.000000,
TELUK WONDAMA,12.000000,4.000000,1.000000,2.000000,0.000000,1.000000,14.000000,2.000000,0.000000,1.000000,
TEMANGGUNG,478.000000,10.000000,35.000000,9.000000,662.000000,10.000000,990.000000,10.000000,130.000000,10.000000,
TERNATE,33.000000,6.000000,7.000000,5.000000,7.000000,7.000000,46.000000,4.000000,21.000000,7.000000,
TIDORE KEPULAUAN,8.000000,3.000000,2.000000,2.000000,1.000000,3.000000,13.000000,2.000000,1.000000,1.000000,
TIMOR TENGAH SELATAN,4.000000,2.000000,6.000000,5.000000,2.000000,4.000000,26.000000,3.000000,24.000000,7.000000,
TIMOR TENGAH UTARA,48.000000,7.000000,6.000000,5.000000,5.000000,6.000000,22.000000,3.000000,38.000000,9.000000,
TOBA SAMOSIR,30.000000,6.000000,2.000000,2.000000,6.000000,6.000000,59.000000,5.000000,16.000000,6.000000,
TOJO UNA-UNA,29.000000,5.000000,7.000000,5.000000,3.000000,5.000000,68.000000,5.000000,1.000000,1.000000,
TOLIKARA,14.000000,4.000000,4.000000,4.000000,6.000000,6.000000,6.000000,1.000000,6.000000,3.000000,
TOLI-TOLI,69.000000,8.000000,14.000000,7.000000,4.000000,5.000000,167.000000,8.000000,10.000000,4.000000,
TOMOHON,1.000000,1.000000,4.000000,4.000000,1.000000,3.000000,501.000000,10.000000,0.000000,1.000000,
TORAJA UTARA,27.000000,5.000000,5.000000,4.000000,5.000000,6.000000,16.000000,2.000000,15.000000,5.000000,
TRENGGALEK,177.000000,9.000000,15.000000,7.000000,3.000000,5.000000,282.000000,9.000000,13.000000,5.000000,
TUAL,7.000000,2.000000,2.000000,2.000000,2.000000,4.000000,4.000000,1.000000,3.000000,2.000000,
TUBAN,177.000000,9.000000,11.000000,7.000000,3.000000,5.000000,93.000000,6.000000,15.000000,5.000000,
TULANG BAWANG BARAT,25.000000,5.000000,2.000000,2.000000,2.000000,4.000000,33.000000,4.000000,16.000000,6.000000,
TULANGBAWANG,121.000000,9.000000,3.000000,3.000000,7.000000,7.000000,93.000000,6.000000,10.000000,4.000000,
TULUNGAGUNG,376.000000,10.000000,23.000000,9.000000,7.000000,7.000000,394.000000,10.000000,11.000000,4.000000,
WAJO,43.000000,7.000000,0.000000,1.000000,0.000000,1.000000,15.000000,2.000000,20.000000,7.000000,
WAKATOBI,8.000000,3.000000,6.000000,5.000000,8.000000,7.000000,12.000000,2.000000,9.000000,4.000000,
WAROPEN,6.000000,2.000000,1.000000,2.000000,1.000000,3.000000,14.000000,2.000000,4.000000,2.000000,
WAY KANAN,132.000000,9.000000,11.000000,7.000000,115.000000,10.000000,281.000000,9.000000,12.000000,5.000000,
WONOGIRI,62.000000,7.000000,11.000000,7.000000,11.000000,8.000000,461.000000,10.000000,13.000000,5.000000,
WONOSOBO,639.000000,10.000000,11.000000,7.000000,16.000000,9.000000,1526.000000,10.000000,18.000000,6.000000,
YAHUKIMO,0.000000,1.000000,0.000000,1.000000,0.000000,1.000000,2.000000,1.000000,4.000000,2.000000,
YALIMO,0.000000,1.000000,0.000000,1.000000,0.000000,1.000000,1.000000,1.000000,0.000000,1.000000,
YOGYAKARTA,108.000000,8.000000,32.000000,9.000000,22.000000,9.000000,113.000000,7.000000,26.000000,8.000000,

 
 ,Community,,Social,,Professional,,Recreational,,Government,,
Scoring,Min 1,Max 1,Min 2,Max 2,Min 3,Max 3,Min 4,Max 4,Min 5,Max 5,
1,0.000000,3.000000,0.000000,0.000000,0.000000,0.000000,0.000000,7.000000,0.000000,2.000000,
2,4.000000,7.000000,1.000000,2.000000,1.000000,1.000000,8.000000,16.000000,3.000000,5.000000,
3,8.000000,11.000000,3.000000,3.000000,1.000000,1.000000,17.000000,30.000000,6.000000,8.000000,
4,12.000000,17.000000,4.000000,5.000000,2.000000,2.000000,31.000000,47.000000,9.000000,11.000000,
5,18.000000,29.000000,6.000000,7.000000,3.000000,4.000000,49.000000,70.000000,12.000000,15.000000,
6,30.000000,42.000000,8.000000,10.000000,5.000000,6.000000,71.000000,100.000000,16.000000,18.000000,
7,43.000000,65.000000,11.000000,15.000000,7.000000,8.000000,101.000000,134.000000,19.000000,24.000000,
8,66.000000,111.000000,16.000000,22.000000,9.000000,13.000000,135.000000,201.000000,25.000000,34.000000,
9,113.000000,268.000000,23.000000,37.000000,14.000000,26.000000,203.000000,351.000000,35.000000,49.000000,
10,270.000000,2364.000000,39.000000,920.000000,27.000000,1281.000000,352.000000,1526.000000,50.000000,178.000000,
